kind,etag,playlistItem_id,playlist_id,added_to_playlist_at,channel_id,video_title,video_desc,snippet__thumbnails__default__url,snippet__thumbnails__default__width,snippet__thumbnails__default__height,snippet__thumbnails__medium__url,snippet__thumbnails__medium__width,snippet__thumbnails__medium__height,snippet__thumbnails__high__url,snippet__thumbnails__high__width,snippet__thumbnails__high__height,snippet__thumbnails__standard__url,snippet__thumbnails__standard__width,snippet__thumbnails__standard__height,snippet__thumbnails__maxres__url,snippet__thumbnails__maxres__width,snippet__thumbnails__maxres__height,channel_title,snippet__playlistId,position_in_playlist,snippet__resourceId__kind,snippet__resourceId__videoId,snippet__videoOwnerChannelTitle,snippet__videoOwnerChannelId,video_id,video_published_at,status__privacyStatus
youtube#playlistItem,khiHaRIORRz8m2SdKnzXjIAyl6s,UExzMHZVMU9GOHJwb1ZSRE5VMVBBYUc3WTFRZXZHRERNQS4yMDhBMkNBNjRDMjQxQTg1,PLs0vU1OF8rpoVRDNU1PAaG7Y1QevGDDMA,2025-08-31 14:01:24+00:00,UCp74ruKv2sUiI2HqEhH8pRw,tuki.『最低界隈』Official Lyric Video,"tuki.『最低界隈』Streaming & Download
https://lnk.to/SaiteiKaiwai_

世界で話題の、日本発のアーティストをYouTube Musicの「JAPANIQUE」プレイリストで聴こう:
https://music.youtube.com/playlist?list=RDCLAK5uy_lN7cCzqFOTV83PeDYGf_6N0DiMF4Pnl2E

『最低界隈』作詞・作曲：tuki

満員電車触んなって
きしょすぎな意味わからんおっさん
制服スカート寒さ我慢
生きにくさですら慣れる練習？
アガらないね終わってんね
給料バイトよりちょいマシ？
人手が欲しい少子化だし
育てる未来見えんのこっち

日々日々困惑
矛盾に不純に横着
不正に税金めにめに
夢見ろって？現実はバグ
推しのライブいつも当たらんのエグい
gimme gimme 当落BeRealで報告

Wi-Fiあっても心の中圏外
笑顔の下ではずっと不在通知
うざい無理
歪な世界だ
将来いつかはママになってみたい
とかなんとか思ってたっけ
アプデ待ちの世の中
どうにかして

最低界隈最低界隈
あいどんのー本当
奥歯がたがた言わしたろかい
最低界隈最低界隈
夢は何？ラブみラブみ 『奪われない事』
テステスマイクテスト 私絶対的に私です
SNSでレス
誰のせいでもないのは嘘です
テステスマイクテスト
私絶対的に私です
SNSでレス
さささ最低界隈です

お小遣いじゃ足りないんです
でもって何もかも高い問題
不測の事態流行ってんね
なんかそれすらもバズなコンテンツ
流行り現実逃避将来は苦渋の選択
勉学励んでめにめに
払えって現実はバグ
今日のメイクまつげ上がらんのエグい

日々日々模索
唯一無二かわいい
結局もうどうかわかんないよ経済
学んで良かった免罪符って
売れんだって高値で捌け
将来いつか富豪になってみたい
とかなんとか思ってたっけ
アプデ待ちな世の中どうにかして

最低界隈最低界隈
あいどんのー本当
奥歯がたがた言わしたろかい
最低界隈最低界隈
夢は何？ラブみラブみ
『奪われない事』

テステスマイクテスト
私絶対的に私です
SNSでレス
これに生産性など皆無です
テステスマイクテスト
私絶対的に私です
SNSでレス
さささ最低界隈です

嫌んなってポイってして
感情はプラスチック
体内漂って溜まっていきます
最低な気分なら最低でいい
黙っている方が不健康です
言いたいことは全部言って
出来る事あれば全部やって
独り独りがそうやって
繋がって歌え
此処に居る此処に居る
物言わぬ屍じゃないわ

テステスマイクテスト
私絶対的に私です
SNSでレス
これに生産性など皆無です
テステスマイクテスト
私絶対的に私です
SNSでレス
さささ最低界隈です

🌙tuki.
X：https://twitter.com/tuki_music_
Instagram：https://www.instagram.com/tuki.music.official/
TikTok：https://www.tiktok.com/@tuki.music

#tuki #最低界隈 #YouTubeMusicWeekend",https://i.ytimg.com/vi/0-MocwNWSPU/default.jpg,120,90,https://i.ytimg.com/vi/0-MocwNWSPU/mqdefault.jpg,320,180,https://i.ytimg.com/vi/0-MocwNWSPU/hqdefault.jpg,480,360,https://i.ytimg.com/vi/0-MocwNWSPU/sddefault.jpg,640,480,https://i.ytimg.com/vi/0-MocwNWSPU/maxresdefault.jpg,1280,720,tuki.(16),PLs0vU1OF8rpoVRDNU1PAaG7Y1QevGDDMA,0,youtube#video,0-MocwNWSPU,tuki.(16),UCp74ruKv2sUiI2HqEhH8pRw,0-MocwNWSPU,2025-08-31 13:17:06+00:00,public
youtube#playlistItem,XdW1Pk_bLvHRKDxFgMPStPXPPiU,UExzMHZVMU9GOHJwb1ZSRE5VMVBBYUc3WTFRZXZHRERNQS5ENDU4Q0M4RDExNzM1Mjcy,PLs0vU1OF8rpoVRDNU1PAaG7Y1QevGDDMA,2025-08-31 14:01:15+00:00,UCp74ruKv2sUiI2HqEhH8pRw,tuki.『孤独の鯨』Official Music Video,"tuki. 1st Album「15」
CD：https://tuki.lnk.to/20250108_15_PKG
Streaming & Download：https://zula.lnk.to/tuki.15

世界で話題の、日本発のアーティストをYouTube Musicの「JAPANIQUE」プレイリストで聴こう:
https://music.youtube.com/playlist?list=RDCLAK5uy_lN7cCzqFOTV83PeDYGf_6N0DiMF4Pnl2E

『孤独の鯨』作詞・作曲：tuki.

優しい人もいるわ
魅力的な人もいるわ
でも同じメロディーを
歌ってくれたのは君だけ

lalalalalalala...
歌うように君の名を呼ぶ

孤独な鯨のように
君を歌っている
寂しさに慣れる夜はなく
月の夜に吠える
 
戸惑うこともあるわ
心が解けることに
忘れかけたメロディーを
思い出せるのはもう僕だけ

lalalalalalala...
今日もただ君の名を呼ぶ

孤独な鯨の夜に
誰が歌っている
寂しさに慣れてしまうなら
月の夜も飛べる

lalalalalalala...

孤独な鯨のように
君を歌っている
寂しさに慣れる夜はなく
月の夜に吠える

lalalalalalala...

【Release Info】
tuki. 1st Album「15」 発売中
詳細：https://tuki-official.net/contents/868544
  
〈CD〉
01.晩餐歌
02.月面着陸計画
03.純恋愛のインゴット
04.アイモライモ
05.マルボロ
06.星街の駅で
07.シーソー
08.サクラキミワタシ
09.ひゅるりらぱっぱ
10.地獄恋文
11.孤独の鯨
12.一輪花
13.愛の賞味期限
14.愛の賞味期限（ROCK ver.）※Bonus Track
15.サクラキミワタシ（piano ver.）※Bonus Track
 
🌙tuki.
X：https://twitter.com/tuki_music_
Instagram：https://www.instagram.com/tuki.music.official/
TikTok：https://www.tiktok.com/@tuki.music  

#tuki #孤独の鯨 #tuki15 #YouTubeMusicWeekend",https://i.ytimg.com/vi/agstsXgsxg4/default.jpg,120,90,https://i.ytimg.com/vi/agstsXgsxg4/mqdefault.jpg,320,180,https://i.ytimg.com/vi/agstsXgsxg4/hqdefault.jpg,480,360,https://i.ytimg.com/vi/agstsXgsxg4/sddefault.jpg,640,480,https://i.ytimg.com/vi/agstsXgsxg4/maxresdefault.jpg,1280,720,tuki.(16),PLs0vU1OF8rpoVRDNU1PAaG7Y1QevGDDMA,1,youtube#video,agstsXgsxg4,tuki.(16),UCp74ruKv2sUiI2HqEhH8pRw,agstsXgsxg4,2025-08-31 13:21:06+00:00,public
youtube#playlistItem,p3UOPZP3FW6kbCV8RwbdmwtKgRU,UExzMHZVMU9GOHJwb1ZSRE5VMVBBYUc3WTFRZXZHRERNQS4yMUQyQTQzMjRDNzMyQTMy,PLs0vU1OF8rpoVRDNU1PAaG7Y1QevGDDMA,2025-07-24 09:08:41+00:00,UCp74ruKv2sUiI2HqEhH8pRw,tuki. 『ギルティ』Official Music Video,"tuki.『ギルティ』Streaming & Download
https://lnk.to/guilty_

tuki.『ギルティ』インスト音源
https://piapro.jp/t/-ktH

Animation: 十八番茶

『ギルティ』作詞・作曲：tuki

被告人前にどうぞ
無罪を主張のダーリン
意見陳述をどうぞ
『君が一番』だなんて

どうせ甘い罠　我慢できないわ
君の思い通り　癪に障るが
抗えないわ　筋書きの通り
なんていくと思ったかい
絶対許さないから
泣いて愛を囁いても　
ああ　いい気味ね
はい　判決の時間だね
言い残すこ　とは無いか
無理無理　結果は変わらないわ
いざ恋愛裁判　〇か×か
ああ絶対情状酌量はないわ
いざ勧善懲悪　皆様方
浮つきがち　心に鉄槌を
（有罪）実刑執行猶予はなし
（有罪）謝れどのべつ幕なし
（有罪）1000年牢獄へお行き
（有罪）後悔するには遅すぎ　
恋愛裁判　愛か罰か
ああ絶対情状酌量はないわ
いざ傍聴席の皆様方
浮つきがち　心に判決を！
（有罪）（有罪）（有罪）（有罪）

上訴されて再演
無罪を主張のダーリン
意見陳述をどうぞ
『二番目でいい？』だなんて

またね甘い罠　ふざけているわ
言葉がでないわ　逆に聞くけど
二番目じゃないの　いつかわかるでしょ

はい　捨てられて戻ってきて
もう一回と懇願して
無理無理　心は戻らないわ

いざ恋愛裁判　〇か×か
ああ絶対情状酌量はないわ
いざ勧善懲悪　皆様方
浮つきがち　心に鉄槌を
（有罪）実刑執行猶予はなし
（有罪）謝れどのべつ幕なし
（有罪）1000年牢獄へお行き
（有罪）後悔するには遅すぎ　

うざいうざい無罪はないわ絶対
うざいうざい不在通知が満載
会話になんないんでダーリン もういいでしょ

酷すぎるよ　いついつまでも
一緒だなんて思わないで
罪はちゃんと償って
次はちゃんと想いあいな
 
いざ恋愛裁判　〇か×か
ああ絶対情状酌量はないわ
いざ勧善懲悪　皆様方
浮つきがち　心に鉄槌を
（有罪）実刑執行猶予はなし
（有罪）謝れどのべつ幕なし
（有罪）1000年牢獄へお行き
（有罪）後悔するには遅すぎ　

恋愛裁判　愛か罰か
ああ絶対情状酌量はないわ
いざ傍聴席の皆様方
浮つきがち　心に判決を！
（有罪）（有罪）（有罪）（有罪）

🌙tuki.
X：https://twitter.com/tuki_music_
Instagram：https://www.instagram.com/tuki.music.official/
TikTok：https://www.tiktok.com/@tuki.music

#tuki #恋愛裁判 #ギルティ",https://i.ytimg.com/vi/j8iGq4TO5Fg/default.jpg,120,90,https://i.ytimg.com/vi/j8iGq4TO5Fg/mqdefault.jpg,320,180,https://i.ytimg.com/vi/j8iGq4TO5Fg/hqdefault.jpg,480,360,https://i.ytimg.com/vi/j8iGq4TO5Fg/sddefault.jpg,640,480,https://i.ytimg.com/vi/j8iGq4TO5Fg/maxresdefault.jpg,1280,720,tuki.(16),PLs0vU1OF8rpoVRDNU1PAaG7Y1QevGDDMA,2,youtube#video,j8iGq4TO5Fg,tuki.(16),UCp74ruKv2sUiI2HqEhH8pRw,j8iGq4TO5Fg,2025-07-30 10:00:06+00:00,public
youtube#playlistItem,qRKJyE6GYu-eUGTlXwUIGYidm7k,UExzMHZVMU9GOHJwb1ZSRE5VMVBBYUc3WTFRZXZHRERNQS41QTY1Q0UxMTVCODczNThE,PLs0vU1OF8rpoVRDNU1PAaG7Y1QevGDDMA,2025-06-08 15:06:49+00:00,UCp74ruKv2sUiI2HqEhH8pRw,tuki. 『ストレンジャーズ』Official Audio（TBS系日曜劇場「キャスター」劇中歌）,"tuki.『ストレンジャーズ』Streaming & Download
https://lnk.to/strangerz_

TBS系日曜劇場「キャスター」劇中歌

Illustration by wataboku

『ストレンジャーズ』

交わしたはずのない
約束に縛られ　
歩き出した

未来過去現在
どこに向かえばいい
わからぬまま

呼吸を許さぬほどの熱
嵐の中を進んでく
歩みを止められない
呪い抱えて

君が一人笑える世界でいい
僕以外笑える世界
　
僕らストレンジャーズ
僕らストレンジャーズ
帰れない
注がれた呪いだけ信じて
　
僕らストレンジャーズ
僕らストレンジャーズ
止まれない
注がれた呪いだけ信じて

愛憎も劣等も
忌み嫌った過去も
反動も衝動も連れていけ

壊してしまったって
全部苦しんだって
解けなくていい
託された呪いの先へ

願う事は呪いか
祈ることは諦めか
叶えたい　信じたい
揺るぎないぬくもりを
正しいか間違いじゃなく
感じる方へすすみたい
列ははぐれても自分とははぐれない

君が誰かと笑える世界がいい
それで僕も笑えるから

僕らストレンジャーズ
僕らストレンジャーズ
迷わない
注がれた願いだけ信じて
　
僕らストレンジャーズ
僕らストレンジャーズ
揺るがない
注がれた祈りだけ信じて

愛憎も劣等も
忌み嫌った過去も
反動も衝動も連れていけ

壊してしまったって
全部苦しんだって
解けなくていい
託された命の先へ

僕らストレンジャーズ

 ■Live Info
『NIPPON BUDOKAN ～承認欲求爆発～』
2026年2月11日（水祝） 東京・⽇本武道館
17:00 OPEN / 18:00 START
オフィシャル4次先行【先着】：6月17日(火)19:00〜6月29日(日)23:59 
一般発売：7月5日(土)10:00〜 

🌙tuki.
X：https://twitter.com/tuki_music_
Instagram：https://www.instagram.com/tuki.music.official/
TikTok：https://www.tiktok.com/@tuki.music

#tuki #ストレンジャーズ #キャスター #阿部寛",https://i.ytimg.com/vi/lo-ocWYNKqk/default.jpg,120,90,https://i.ytimg.com/vi/lo-ocWYNKqk/mqdefault.jpg,320,180,https://i.ytimg.com/vi/lo-ocWYNKqk/hqdefault.jpg,480,360,https://i.ytimg.com/vi/lo-ocWYNKqk/sddefault.jpg,640,480,https://i.ytimg.com/vi/lo-ocWYNKqk/maxresdefault.jpg,1280,720,tuki.(16),PLs0vU1OF8rpoVRDNU1PAaG7Y1QevGDDMA,3,youtube#video,lo-ocWYNKqk,tuki.(16),UCp74ruKv2sUiI2HqEhH8pRw,lo-ocWYNKqk,2025-06-08 15:00:01+00:00,public
youtube#playlistItem,hq56QniAaialDCzcAyg4dKmqEBo,UExzMHZVMU9GOHJwb1ZSRE5VMVBBYUc3WTFRZXZHRERNQS5EQUE1NTFDRjcwMDg0NEMz,PLs0vU1OF8rpoVRDNU1PAaG7Y1QevGDDMA,2025-06-06 12:05:31+00:00,UCp74ruKv2sUiI2HqEhH8pRw,tuki. 『騙シ愛』Official Music Video（TBS系日曜劇場「キャスター」主題歌）,"tuki.『騙シ愛』Streaming & Download
https://lnk.to/tuki.-damashiai_

TBS系日曜劇場「キャスター」劇中歌
tuki.『声命』Streaming & Download
https://lnk.to/seimei_

—

TBS系日曜劇場「キャスター」主題歌
『騙シ愛』

騙し合いのこの世界で
信じられるものを探す
もう見失わないから

どうして嘘をついてしまったの
どうして本当を話せないんだろう
あなたはどんな顔するでしょう
自分を守りたいだけじゃないの？

望まない事ばかりだ
悲しそうな顔させてしまうわ
月の裏側も知らずに
夢だけ見ていたね

騙し愛の嘘の中で
信じられる物を探す
瞳が欲しい
まだ未来はわからないままだけど
心、裏切らないで
もう見失わないから

どうして嘘を覚えたんだろう
どうして本当を隠すのだろう
私は知らぬふりをするのでしょう
触れてしまうことが怖くなったの

青いままで熟れた果実みたいに
気付かれもしないで
枯れてしまう前に
一口齧って欲しいだけ
　
騙し愛の闇の中で
触れたはずのぬくもりだけ
覚えている
まだ未来はわからないままだけど
心、裏切らないで
私を生きてくから

藻掻くほど迷い込み
真実は零れてく
手に触れた感触を
覚えていられるか

騙し合いのこの世界で
信じられる物を透かす
瞳が欲しい
まだ未来は何も決まっちゃいないよ
心、裏切らないで

手探りでいいよ
私を象ろう
いつか必ず出会うだろう同じ痛みを
分け合えるような貴方と出会うために

—

【作詞・作曲】
tuki.

【絵コンテ・演出】
田中亮輔

【アニメーションプロデューサー】
深江暢

【総作画監督】
studio maf
浜平蒼生
 
【総作画監督補佐】
studio maf
豊嶋真帆
根本卓弥
 
【作画監督】
studio maf
浜平蒼生
岸寛穀
根本卓弥
芝有人
豊嶋真帆

川合正起

【原画】
studio maf
謝羽涵
浦松貴楽
酒井謙次
岸寛穀
斉藤わかめ
豊嶋真帆
根本卓弥
佐々木謙汰
芝有人
 
川合正起
 
【第二原画 】
studio maf
謝羽涵
平岡真奈
高梨友美
浦松貴楽
酒井謙次
奥嶋千晴
斉藤わかめ
豊嶋真帆
根本卓弥
佐々木謙汰
尾形青海
 
【動画検査】
studio maf
尾形青海
奥嶋千晴

【動画】
studio maf
奥嶋千晴
佐々木謙汰
平岡真奈

FAIインターナショナル
 
【色指定・検査】
志賀愛
 
【仕上げ】
伊野千愛美

【色彩設計】
吉田隼人
 
【CGディレクター】
スティミュラスイメージ
町田政彌

【CGモデル】
スティミュラスイメージ
室賀淳志

【制作】
スティミュラスイメージ
三井田志翔

【美術監督】
スタジオなや
中村典史

【背景】
スタジオなや
磯辺大器
関愛実

【撮影監督】
A-1 Pictures
宮脇洋平

【撮影】
A-1 Pictures
鈴木　彬人
馬塲　亮輔
黒岩　悟
加賀美　帆
關　優梨花
渡邉　創太
冨田　結伊
信川　公哉

【制作デスク】
鵜澤哲也

【制作進行】
矢野伽羅

【プロデューサー】
髙橋政記 (NERD)

【クリエイティブディレクター】
大澤創太

■Live Info
『NIPPON BUDOKAN ～承認欲求爆発～』
2026年2月11日（水祝） 東京・⽇本武道館17:00 OPEN / 18:00 START
オフィシャル4次先行【先着】：6月17日(火)19:00〜6月29日(日)23:59 
一般発売：7月5日(土)10:00〜 
https://eplus.jp/sf/detail/4315880001-P0030001?P6=001&P1=0402&P59=1

🌙tuki.
X：https://twitter.com/tuki_music_
Instagram：https://www.instagram.com/tuki.music.official/
TikTok：https://www.tiktok.com/@tuki.music

#tuki #騙シ愛 #キャスター #阿部寛",https://i.ytimg.com/vi/4_Lc458W1EY/default.jpg,120,90,https://i.ytimg.com/vi/4_Lc458W1EY/mqdefault.jpg,320,180,https://i.ytimg.com/vi/4_Lc458W1EY/hqdefault.jpg,480,360,https://i.ytimg.com/vi/4_Lc458W1EY/sddefault.jpg,640,480,https://i.ytimg.com/vi/4_Lc458W1EY/maxresdefault.jpg,1280,720,tuki.(16),PLs0vU1OF8rpoVRDNU1PAaG7Y1QevGDDMA,4,youtube#video,4_Lc458W1EY,tuki.(16),UCp74ruKv2sUiI2HqEhH8pRw,4_Lc458W1EY,2025-06-06 12:00:07+00:00,public
youtube#playlistItem,g2BfcShl_gQs3iq1c9M2Oq_60a8,UExzMHZVMU9GOHJwb1ZSRE5VMVBBYUc3WTFRZXZHRERNQS4zMDg5MkQ5MEVDMEM1NTg2,PLs0vU1OF8rpoVRDNU1PAaG7Y1QevGDDMA,2025-02-14 09:01:12+00:00,UCp74ruKv2sUiI2HqEhH8pRw,tuki.『シーソー』Official Music Video,"2025.01.08 (Wed)
tuki. 1st Album「15」Release
CD：https://tuki.lnk.to/20250108_15_PKG
Streaming & Download：https://zula.lnk.to/tuki.15

15歳までに作った曲を集めて、はじめてのアルバム「15」を作りました。
お父さんにレコーディング費用を貸してもらった「晩餐歌」から始まり、これまでにさまざまな曲を皆さまに届けることができました。アルバムには、まだ発表されていない曲も沢山収録されます。間違いなくいまの私が刻まれた1枚です。是非、聴いてみてください。

『シーソー』作詞・作曲：tuki.

君をもっと知りたくて
近づこうとするんだよ
浮ついた心のせい
君は重くなって沈むんだ

君がそっと近寄って
後ろめたくて距離をとる
どうしてこうなっちゃったかな
向き合えない僕が悪かったんだ

一歩づつでいいからさ
せーので近寄る感じでさ

シーソーみたいね　恋するって
she's so beautiful　愛するって
お互い同時に近づかなきゃね
わかりあえない

自分のことがわからない
足元がおぼつかない
君が近づいてしまえば
またバランスが崩れちゃうんだ

きっとまずは自分の事
ちゃんと愛してあげなきゃね

シーソーみたいね　恋するって
she's so beautiful　愛するって
お互い同時に近づかなきゃね
支え合えない

君が居なくなるその前に
一歩づつ　踏み出せるように
浮き上がったり沈んだり
その中で気持ち確かめてる

シーソーみたいね　恋するって
she's so beautiful　愛するって
時計の針がまわるほど深く
解り合いたい

シーソーみたいね　恋するって
she's so beautiful　愛するって
たくさん待たせてしまったけれど
抱きしめるよ

【Release Info】
tuki. 「15」
2025年1月8日(水)発売
詳細：https://tuki-official.net/contents/868544
 
【通常盤】SECL-3178　￥3,300（税込）
【完全生産限定盤】SECL-3176～3177　￥6,930（税込）
 
〈CD〉
01.晩餐歌
02.月面着陸計画（新曲）
03.純恋愛のインゴット（新曲）
04.アイモライモ
05.マルボロ（新曲）
06.星街の駅で
07.シーソー（新曲）
08.サクラキミワタシ
09.ひゅるりらぱっぱ
10.地獄恋文
11.孤独の鯨（新曲）
12.一輪花
13.愛の賞味期限
14.愛の賞味期限（ROCK ver.）※Bonus Track
15.サクラキミワタシ（piano ver.）※Bonus Track
 
〈GOODS（完全限定生産盤のみ）〉
usagi-sanぬいぐるみ
tuki. 15 Special Book

🌙tuki.
X：https://twitter.com/tuki_music_
Instagram：https://www.instagram.com/tuki.music.official/
TikTok：https://www.tiktok.com/@tuki.music  

#tuki #シーソー #オリジナル曲 #tuki15",https://i.ytimg.com/vi/Hmvjp4xw7dA/default.jpg,120,90,https://i.ytimg.com/vi/Hmvjp4xw7dA/mqdefault.jpg,320,180,https://i.ytimg.com/vi/Hmvjp4xw7dA/hqdefault.jpg,480,360,https://i.ytimg.com/vi/Hmvjp4xw7dA/sddefault.jpg,640,480,https://i.ytimg.com/vi/Hmvjp4xw7dA/maxresdefault.jpg,1280,720,tuki.(16),PLs0vU1OF8rpoVRDNU1PAaG7Y1QevGDDMA,5,youtube#video,Hmvjp4xw7dA,tuki.(16),UCp74ruKv2sUiI2HqEhH8pRw,Hmvjp4xw7dA,2025-02-14 09:00:21+00:00,public
youtube#playlistItem,kS1TjGTSX8kvvL7XX_VRPGEaMCc,UExzMHZVMU9GOHJwb1ZSRE5VMVBBYUc3WTFRZXZHRERNQS45ODRDNTg0QjA4NkFBNkQy,PLs0vU1OF8rpoVRDNU1PAaG7Y1QevGDDMA,2025-01-10 02:26:42+00:00,UCp74ruKv2sUiI2HqEhH8pRw,tuki.『純恋愛のインゴット』Official Music Video,"2025.01.08 (Wed)
tuki. 1st Album「15」Release
CD：https://tuki.lnk.to/20250108_15_PKG
Streaming & Download：https://zula.lnk.to/tuki.15

15歳までに作った曲を集めて、はじめてのアルバム「15」を作りました。
お父さんにレコーディング費用を貸してもらった「晩餐歌」から始まり、これまでにさまざまな曲を皆さまに届けることができました。アルバムには、まだ発表されていない曲も沢山収録されます。間違いなくいまの私が刻まれた1枚です。是非、聴いてみてください。

『純恋愛のインゴット』作詞・作曲：tuki.

恋、それだけで
何もかも超えていけるって
リボン結んで走りだすような
子供みたいで可愛い

ああそれとなく
大人になる　諦めていく
やらないで後悔するのなら
まあいっか砕けてみるか

君が帰る道
探偵みたいに尾行して
聞き込み調査もばっちりです
今日が記念日だ
 
君に純恋愛のインゴット　
重い想い気持ちぐらいがいい
純度100％愛ごっこ
君の気持ち確かめるまで
君に純恋愛のインゴット
重い想い気持ちぐらいがいい
純度100％愛ごっこ
偶然装うエンカウントなんて
どうでしょう？

遠い夜空でも
飛んで行く流星みたいに
君が落ち込みそうな夜には
願い叶えてあげたい

一緒に帰りましょ
方向は同じだよハッピーエンド
なんで知っているかって
それは秘密だよ

君に純恋愛のインゴット　
重い想い気持ちぐらいがいい
純度100％愛ごっこ
君の気持ち確かめるまで
君に純恋愛のインゴット
重い想い気持ちぐらいがいい
純度100％愛ごっこ
運命装うファンファーレなんて
どうでしょう？

ちょ、ちょっと待って
デリシャスな急展開なラブ最高潮
マニュアル　私だけにフォーカス
適当じゃ YEYA　　もっと凝って？　
イエス　ぷりーず！
不言実行レッツゴー
かきまわせよポーション
ぐっつぐつ煮込んで 
君に贈答 chu 
愛　ココロ　甘い的中　
真っ白です　純白
ひっきりなしにラブ bang　
四六時中渋滞　　　　　
heavy heavy heavy?
りんご２個分？
happy happy happy?
今日はスペシャルパーティ？
あなたは私にもう夢中
最初で最後の愛どきゅん(どきゅん！）

どうかこの夢よ
いついつまでも覚めないで
人生のハイライト
思い出になれ

君に純恋愛のインゴット　
重い想い気持ちぐらいがいい
純度100％愛ごっこ
君の気持ち確かめるまで
君に純恋愛のインゴット
重い想い気持ちぐらいがいい
純度100％愛ごっこ
偶然必然奇跡ってことで　
どうでしょう？

【Release Info】
tuki. 「15」
2025年1月8日(水)発売
詳細：https://tuki-official.net/contents/868544
 
【通常盤】SECL-3178　￥3,300（税込）
【完全生産限定盤】SECL-3176～3177　￥6,930（税込）
 
〈CD〉
01.晩餐歌
02.月面着陸計画（新曲）
03.純恋愛のインゴット（新曲）
04.アイモライモ
05.マルボロ（新曲）
06.星街の駅で
07.シーソー（新曲）
08.サクラキミワタシ
09.ひゅるりらぱっぱ
10.地獄恋文
11.孤独の鯨（新曲）
12.一輪花
13.愛の賞味期限
14.愛の賞味期限（ROCK ver.）※Bonus Track
15.サクラキミワタシ（piano ver.）※Bonus Track
 
〈GOODS（完全限定生産盤のみ）〉
usagi-sanぬいぐるみ
tuki. 15 Special Book

🌙tuki.
Twitter：https://twitter.com/tuki_music_
Instagram：https://www.instagram.com/tuki.music.official/
TikTok：https://www.tiktok.com/@tuki.music

#tuki #純恋愛のインゴット #オリジナル曲 #tuki15",https://i.ytimg.com/vi/goCvO7uJhu8/default.jpg,120,90,https://i.ytimg.com/vi/goCvO7uJhu8/mqdefault.jpg,320,180,https://i.ytimg.com/vi/goCvO7uJhu8/hqdefault.jpg,480,360,https://i.ytimg.com/vi/goCvO7uJhu8/sddefault.jpg,640,480,https://i.ytimg.com/vi/goCvO7uJhu8/maxresdefault.jpg,1280,720,tuki.(16),PLs0vU1OF8rpoVRDNU1PAaG7Y1QevGDDMA,6,youtube#video,goCvO7uJhu8,tuki.(16),UCp74ruKv2sUiI2HqEhH8pRw,goCvO7uJhu8,2025-01-08 12:00:08+00:00,public
youtube#playlistItem,YmfFVDtNE80DeSwOaKqJ7BvilJ0,UExzMHZVMU9GOHJwb1ZSRE5VMVBBYUc3WTFRZXZHRERNQS5EMEEwRUY5M0RDRTU3NDJC,PLs0vU1OF8rpoVRDNU1PAaG7Y1QevGDDMA,2024-11-06 08:55:26+00:00,UCp74ruKv2sUiI2HqEhH8pRw,tuki.『アイモライモ』Official Music Video,"tuki.『アイモライモ』Streaming & Download
https://zula.lnk.to/BTpLzVZL

Starring
當真あみ
 
Dancers
SORA,小柳拓夢,ヤマグチリオ,SHIHO
 
Staff
Director：田向潤
Cinematographer：横山香哉
Production Designer：清水琳名
Lighting Director：上田稜
Stylist：東野邦子
Hair&Makeup：SAKURA
Choreographer：Chaso
CG Producer：宮武㤗明
CG Production Manager：生田竜司
CG Director：高橋勇佑
 
Producer：島瀬悠光加,小口勝一
Production Manager：畠野航
Production：東北新社
 
Creative
Creative Director：大澤創太 (雀)
Creative Producer：高橋政記 (雀)
Art Director：小山唯香
 
Produced by 雀

『アイモライモ』作詞・作曲：tuki.

『もしもし今何してた？』
『髪を乾かしてたとこ』
『特に用は無いんだけれど、声が聴きたくて』

『そっちはなにしてたのさ』
『ベッドでごろごろしてたよ』
『俺も話したいなって思ってたとこ』

何気ない会話ひとつで
心晴れること
僕らは違う人間だ
これは奇跡だろう
今だけ（今だけ）
今だけ（今だけ）
しかない愛を
明日明後日その先もって
咲かせ続けるんだよ

愛もLieも全てが
君を作ってきたんだろう
でもねちゃんと僕を
愛して欲しいのです

二人繋いだラインも
どちらかが切れば終わるから
赤い糸解かないで　ずっと

『もしもし今何してた？』
『ごめんちょっとしか話せない』
『特に用は無いんだけれど、声が聴きたくて』

『そっちはなにしてたのさ』
『ちょっと嫌なことがあって』
『ねぇ、最近会えてないよね』

何気ない返事ひとつで
心曇るように
僕らは違う人間で
掛け違うボタンで
それでも（それでも）
それでも（それでも）
なんて信じて
明日明後日その先は？って
不安になるんだよ

愛もLieも全てが
君を作ってきたんだろう
でもねちゃんと僕を
愛して欲しいんだよ

二人繋いだラインも
どちらかが切れば終わるから
赤い糸解かないで

100年後なんてないし
10年先だってわからない
1年もたってないし
ひと月は会えてない
1日だって構わない
一時間、1分、一秒で
ちゃんと好きって
面と向かって
一言でいいんだよ

愛もLieも全てが
君を作ってきたんだろう
でもねちゃんと君も
愛して欲しいんだよ

二人繋いだラインも
どちらかが切れば終わるから
赤い糸解かないで

今だけ（今だけ）
今だけ（今だけ）
しかない愛を
明日明後日その先もって
咲かせ続けるよ

🌙tuki.
X：https://twitter.com/tuki_music_
Instagram：https://www.instagram.com/tuki.music.official/
TikTok：https://www.tiktok.com/@tuki.music

#tuki #アイモライモ #オリジナル曲",https://i.ytimg.com/vi/urh7DZp59WU/default.jpg,120,90,https://i.ytimg.com/vi/urh7DZp59WU/mqdefault.jpg,320,180,https://i.ytimg.com/vi/urh7DZp59WU/hqdefault.jpg,480,360,https://i.ytimg.com/vi/urh7DZp59WU/sddefault.jpg,640,480,https://i.ytimg.com/vi/urh7DZp59WU/maxresdefault.jpg,1280,720,tuki.(16),PLs0vU1OF8rpoVRDNU1PAaG7Y1QevGDDMA,7,youtube#video,urh7DZp59WU,tuki.(16),UCp74ruKv2sUiI2HqEhH8pRw,urh7DZp59WU,2024-11-06 08:55:00+00:00,public
youtube#playlistItem,0Qqn4y8SQQqMRpL1hsj4LFhe-II,UExzMHZVMU9GOHJwb1ZSRE5VMVBBYUc3WTFRZXZHRERNQS40NzZCMERDMjVEN0RFRThB,PLs0vU1OF8rpoVRDNU1PAaG7Y1QevGDDMA,2024-09-29 10:09:24+00:00,UCp74ruKv2sUiI2HqEhH8pRw,tuki.『愛の賞味期限』Official Music Video,"tuki.『愛の賞味期限』Streaming & Download
https://zula.lnk.to/I1qSMhZL

tuki.『愛の賞味期限』カラオケ音源
https://www.dropbox.com/scl/fi/t623tebkhu46bj2ksyssd/1.wav?rlkey=r576mufzm297bqp9ghqo6e721&st=wd5ykkpr&dl=0

--

『愛の賞味期限』作詞・作曲：tuki.

TikTokばっか見てんじゃないよ
一発二発殴ってやんよ
安心しないでね
傍にいると

インスタグラム
ストーリーもいいよ
見るのは後で一人でいいよ
目の前にいるじゃないか

コンビニエンス
欲しくなったときだけ
呼ばないでね

抱きしめて
愛が賞味期限切れになる
冷蔵庫の中で眠るように
触れてよ
愛が廃棄処分になるのは
私じゃない
貴方かもね　ばいばい

金木犀が熟れる季節を
過ごした去年が凄く遠いよ
安心しちゃうよね
傍に居ると

ぬるくなったサイダーはいいよ
触って　惰性　後味悪いよ
目の前で吸わないでよ

コンビニエンス
値引きされた愛で
壊れちゃいそうだよ

抱きしめて
愛が賞味期限切れになる
冷蔵庫の中で眠るように
触れてよ
愛が廃棄処分になるのは
私じゃない
貴方だよね　

昨日は昨日の愛だからさ
今日何もくれないならお腹がすくわ
貴方は知らないようだからさ
教えといてあげる
愛は生き物なの

気付いて
愛が賞味期限切れになる
少し離れて　今日は眠るから
さよなら
愛が廃棄処分になるのは
ままならない
勿体ないなぁ　

抱きしめて
愛が消費期限切れになる
冷蔵庫の中で眠るように
触れてよ
愛が廃棄処分になるのは
私じゃない
貴方だよね　ばいばい

--

Character design
GODTAIL

Director/storyboard
GODTAIL

Supervisor
中山 竜(Andraft)

Animation
ELMEA
ユウキリリー
藤田 チョビ
片山 心琴

Andraft
ペンアレ
ウーカタ
神多 洋

Background art 
伊藤 拓海

Composite effect
吉原 弘勝

3DCG
天馬

Animation production
Andraft Inc.

Production cooperation
GODTAIL Inc.

Production management
楠本 美和

Animation producer
Andraft Inc.
田仲 マイケル 
中山 竜

Creative director
大澤 創太

Creative producer
髙橋 政記

Assistant
wanpocola

🌙tuki.
X：https://twitter.com/tuki_music_
Instagram：https://www.instagram.com/tuki.music.official/
TikTok：https://www.tiktok.com/@tuki.music

#tuki #愛の賞味期限 #オリジナル曲",https://i.ytimg.com/vi/nmeccuUXs4Q/default.jpg,120,90,https://i.ytimg.com/vi/nmeccuUXs4Q/mqdefault.jpg,320,180,https://i.ytimg.com/vi/nmeccuUXs4Q/hqdefault.jpg,480,360,https://i.ytimg.com/vi/nmeccuUXs4Q/sddefault.jpg,640,480,https://i.ytimg.com/vi/nmeccuUXs4Q/maxresdefault.jpg,1280,720,tuki.(16),PLs0vU1OF8rpoVRDNU1PAaG7Y1QevGDDMA,8,youtube#video,nmeccuUXs4Q,tuki.(16),UCp74ruKv2sUiI2HqEhH8pRw,nmeccuUXs4Q,2024-09-29 10:01:27+00:00,public
youtube#playlistItem,cOCFYofLbNS1aGxZkWGkmPX6Ymo,UExzMHZVMU9GOHJwb1ZSRE5VMVBBYUc3WTFRZXZHRERNQS5GNjNDRDREMDQxOThCMDQ2,PLs0vU1OF8rpoVRDNU1PAaG7Y1QevGDDMA,2024-09-19 15:33:16+00:00,UCp74ruKv2sUiI2HqEhH8pRw,tuki.『愛の賞味期限』弾き語りver.  - 晩餐歌アンサーソング -,"tuki.『愛の賞味期限』Streaming & Download
https://zula.lnk.to/I1qSMhZL

tuki.『愛の賞味期限』カラオケ音源
https://www.dropbox.com/scl/fi/t623tebkhu46bj2ksyssd/1.wav?rlkey=r576mufzm297bqp9ghqo6e721&st=wd5ykkpr&dl=0

『晩餐歌』のリリースからちょうど1年。
アンサーソングとなる『愛の賞味期限』をリリースしました！❤️‍🔥

tuki.『晩餐歌』
Streaming & Download：https://zula.lnk.to/xnimQhZL
Official Music Video：https://youtu.be/oZpYEEcvu5I

『愛の賞味期限』作詞・作曲：tuki.
TikTokばっか見てんじゃないよ
一発二発殴ってやんよ
安心しないでね
傍にいると

インスタグラム
ストーリーもいいよ
見るのは後で一人でいいよ
目の前にいるじゃないか

コンビニエンス
欲しくなったときだけ
呼ばないでね

抱きしめて
愛が賞味期限切れになる
冷蔵庫の中で眠るように
触れてよ
愛が廃棄処分になるのは
私じゃない
貴方かもね　ばいばい

金木犀が熟れる季節を
過ごした去年が凄く遠いよ
安心しちゃうよね
傍に居ると

ぬるくなったサイダーはいいよ
触って　惰性　後味悪いよ
目の前で吸わないでよ

コンビニエンス
値引きされた愛で
壊れちゃいそうだよ

抱きしめて
愛が賞味期限切れになる
冷蔵庫の中で眠るように
触れてよ
愛が廃棄処分になるのは
私じゃない
貴方だよね　

昨日は昨日の愛だからさ
今日何もくれないならお腹がすくわ
貴方は知らないようだからさ
教えといてあげる
愛は生き物なの

気付いて
愛が賞味期限切れになる
少し離れて　今日は眠るから
さよなら
愛が廃棄処分になるのは
ままならない
勿体ないなぁ　

抱きしめて
愛が消費期限切れになる
冷蔵庫の中で眠るように
触れてよ
愛が廃棄処分になるのは
私じゃない
貴方だよね　ばいばい

🌙tuki.
X：https://twitter.com/tuki_music_
Instagram：https://www.instagram.com/tuki.music.official/
TikTok：https://www.tiktok.com/@tuki.music

#tuki #愛の賞味期限 #オリジナル曲 #弾き語り #晩餐歌 #アンサーソング",https://i.ytimg.com/vi/h56D4YPnEqc/default.jpg,120,90,https://i.ytimg.com/vi/h56D4YPnEqc/mqdefault.jpg,320,180,https://i.ytimg.com/vi/h56D4YPnEqc/hqdefault.jpg,480,360,https://i.ytimg.com/vi/h56D4YPnEqc/sddefault.jpg,640,480,https://i.ytimg.com/vi/h56D4YPnEqc/maxresdefault.jpg,1280,720,tuki.(16),PLs0vU1OF8rpoVRDNU1PAaG7Y1QevGDDMA,9,youtube#video,h56D4YPnEqc,tuki.(16),UCp74ruKv2sUiI2HqEhH8pRw,h56D4YPnEqc,2024-09-19 09:55:00+00:00,public
youtube#playlistItem,0DtbE26gidNjBei0U9VyXYnbiGU,UExzMHZVMU9GOHJwb1ZSRE5VMVBBYUc3WTFRZXZHRERNQS45NDk1REZENzhEMzU5MDQz,PLs0vU1OF8rpoVRDNU1PAaG7Y1QevGDDMA,2024-08-09 10:04:23+00:00,UCp74ruKv2sUiI2HqEhH8pRw,tuki.『ひゅるりらぱっぱ』Official Music Video,"tuki.『ひゅるりらぱっぱ』Streaming & Download
https://zula.lnk.to/IoRO4kZL

Lyrics & Music: tuki.
Animation: 十八番茶
Producer: Masaki Takahashi (NERD)

tuki.『ひゅるりらぱっぱ』カラオケ音源
https://www.dropbox.com/scl/fi/1qg8ui91ylsyf4f5zxwi3/1.wav?rlkey=h3byj8gwlndmtm55nsv6enwil&st=jrwpbgxm&dl=0

『ひゅるりらぱっぱ』

はらりはられ
今踊り踊れ
恋焦がれ遊べさぁ
喰らって唄え

花に紛れ
今を取り戻せ
酔狂に遊べさぁ
ここで踊れ

一二三四伍
あっちゅーま　時が過ぎてく
選り取り見取りさ祭囃子
あれもこれも籠放りこみ
欲に塗れ生きていたい

人生寄り道回り道
生きたいように生きなはれや

はらりはられ
今踊り踊れ
恋焦がれ遊べさぁ
喰らって唄え

花に紛れ
今を取り戻せ
酔狂に遊べさぁ
ここで踊れ

ひゅるひゅるりーらら
ひゅるりらぱっぱ
ひゅるひゅるりーらら
ひゅるりらっぱー

ひゅるひゅるりーらら
ひゅるりらぱっぱ
ひゅるひゅるりーらら
ひゅるりらっぱー

ちりぬるを
あっちゅーま　時は過ぎ
さぁ酸いも甘いも祭囃子
味わい尽くしてしまいましょう
さぁ何から平らげよう

人生気付けば矢の如し
命の花を打ち上げましょう

はらりはられ
今踊り踊れ
恋焦がれ遊べさぁ
喰らって唄え

花に紛れ
今を取り戻せ
酔狂に遊べさぁ
ここで踊れ

ひゅるひゅるりーらら
ひゅるりらぱっぱ
ひゅるひゅるりーらら
ひゅるりらっぱー

ひゅるひゅるりーらら
ひゅるりらぱっぱ
ひゅるひゅるりーらら
ひゅるりらっぱー

花よ花よ　誇りなさい
まごうことなく君のまま
上を向いて御覧なさい
最後の日まで花であれ

はらりはられ
今踊り踊れ
恋焦がれ遊べさぁ
喰らって唄え

花に紛れ
今を取り戻せ
酔狂に遊べさぁ
ここで踊れ

はらりはられ
今踊り踊れ
誰彼も遊べさぁ
喰らって唄え

離れ離れ
でも花火上げて
酔狂に遊べさぁ
ここで踊れ

ひゅるひゅるりーらら
ひゅるりらぱっぱ
ひゅるひゅるりーらら
ひゅるりらっぱー

ひゅるひゅるりーらら
ひゅるりらぱっぱ
ひゅるひゅるりーらら
ひゅるりらっぱー

🌙tuki.
X：https://twitter.com/tuki_music_
Instagram：https://www.instagram.com/tuki.music.official/
TikTok：https://www.tiktok.com/@tuki.music

#tuki #ひゅるりらぱっぱ #オリジナル曲",https://i.ytimg.com/vi/AOfaWrBwo7I/default.jpg,120,90,https://i.ytimg.com/vi/AOfaWrBwo7I/mqdefault.jpg,320,180,https://i.ytimg.com/vi/AOfaWrBwo7I/hqdefault.jpg,480,360,https://i.ytimg.com/vi/AOfaWrBwo7I/sddefault.jpg,640,480,https://i.ytimg.com/vi/AOfaWrBwo7I/maxresdefault.jpg,1280,720,tuki.(16),PLs0vU1OF8rpoVRDNU1PAaG7Y1QevGDDMA,10,youtube#video,AOfaWrBwo7I,tuki.(16),UCp74ruKv2sUiI2HqEhH8pRw,AOfaWrBwo7I,2024-08-09 10:00:10+00:00,public
youtube#playlistItem,SS-SqOo6zdrYvDROIV-S42f8fBU,UExzMHZVMU9GOHJwb1ZSRE5VMVBBYUc3WTFRZXZHRERNQS41MzJCQjBCNDIyRkJDN0VD,PLs0vU1OF8rpoVRDNU1PAaG7Y1QevGDDMA,2024-07-16 16:16:53+00:00,UCp74ruKv2sUiI2HqEhH8pRw,tuki.『星街の駅で』Official Music Video,"tuki.『星街の駅で』Streaming & Download
https://zula.lnk.to/PbFmiwZL

『星街の駅で』作詞・作曲：tuki.

どうか最後に会いに来てくれないか
言葉だけじゃもう何も埋まらないんだ
泣き顔でも笑顔でもいい
君に会いたい

こんな日が来ると思わなかったんだ
君の傍に居られなくてごめんね
せめて星に願いを

悲しまないで居て　前を見て
振り返らないで
僕の居ない街で　当たり前に
恋をして笑って
待ち合わせは星街の駅で
君が忘れていても

どうも最後らしく振舞えないんだ
涙ひとつくらい流すと思ったんだ
上手く隠せているだろうか　
バレていないかな

まるでひとつみたいに
想っていたいんだ
離れてても過ごしたあの時間は
嘘じゃないとわかってる

悲しまないで居て　前を見て
振り返らないで
僕が泣いている　理由なんて
知らないで笑って
待ち合わせは星街の駅で
いつか会える日まで

思い出なんてやっかいなものを
抱えてまでどこに行きたいの
辿り着く場所は同じだと
信じているから

悲しまないで居て　前を見て
振り返らないで
僕の居ない街で　当たり前に
恋をして笑って
待ち合わせは星街の駅で
君が忘れていても

悲しまないで居て　前を見て
振り返らないで
僕が泣いている　理由なんて
気付かなくていいよ
待ち合わせは星街の駅で
いつか笑えるように

🌙tuki.
Twitter：https://twitter.com/tuki_music_
Instagram：https://www.instagram.com/tuki.music.official/
TikTok：https://www.tiktok.com/@tuki.music

#tuki #星街の駅で #オリジナル曲",https://i.ytimg.com/vi/EeSKlyhYp9w/default.jpg,120,90,https://i.ytimg.com/vi/EeSKlyhYp9w/mqdefault.jpg,320,180,https://i.ytimg.com/vi/EeSKlyhYp9w/hqdefault.jpg,480,360,https://i.ytimg.com/vi/EeSKlyhYp9w/sddefault.jpg,640,480,https://i.ytimg.com/vi/EeSKlyhYp9w/maxresdefault.jpg,1280,720,tuki.(16),PLs0vU1OF8rpoVRDNU1PAaG7Y1QevGDDMA,11,youtube#video,EeSKlyhYp9w,tuki.(16),UCp74ruKv2sUiI2HqEhH8pRw,EeSKlyhYp9w,2024-06-19 09:50:00+00:00,public
youtube#playlistItem,A7tvc15J3gT7cFCe5K41unvVhBU,UExzMHZVMU9GOHJwb1ZSRE5VMVBBYUc3WTFRZXZHRERNQS4xMkVGQjNCMUM1N0RFNEUx,PLs0vU1OF8rpoVRDNU1PAaG7Y1QevGDDMA,2024-04-30 10:00:03+00:00,UCp74ruKv2sUiI2HqEhH8pRw,tuki.『地獄恋文（インフェルノラブレター）』Official Music Video,"tuki.『地獄恋文』Streaming & Download
https://zula.lnk.to/zoDFP5ZL


◾️タイアップ情報

新作スマートフォンゲーム
『東京リベンジャーズUNLIMITED』主題歌

【公式X】
https://x.com/toman_unreve

【公式サイト】
https://tokyo-revengers-unlimited.com


#東京リベンジャーズ
#アンリベ

『地獄恋文』作詞・作曲：tuki.

好きだから一緒に居たいね
頭にヒマワリが咲いて
夏じゃないのに汗を掻いて
愛し合っていたい

貴方も私も秘密の花を
咲かせて笑う怪物だね
くすぐりあって転げ合って
なんて夢はもう終わりにしよう

地獄で会いましょう
貴方も私も悪い人だ
ひとつになんてさ
なれないけど愛してる
さよならしよう
これ以上誰か悲しませて
抱きしめたら
地獄じゃ足りない足りないや
インフェルノラブレター

閻魔さま　調子はどう
狂っちゃいそうな心裁いてよ
煮っころがして　針を飲まして
愛は不滅なの

貴方も私も生まれ変わって
綺麗な二人　笑い合おう
くすぐりあって転げ合って
なんて夢をまだ見ていたいな

地獄で会いましょう
貴方も私も悪い人だ
ひとつになんてさ
なれないけど愛してる
さよならしよう
これ以上誰か悲しませて
抱きしめたら
地獄じゃ足りない足りないや
インフェルノラブレター

あい　あい　あいしてる
あい　あい　あいしてる
あい　あい　あいしてる
転生したって覚えてる

地獄で会いましょう
貴方も私も悪い人だ
ひとつになんてさ
なれないけど愛してる
さよならしよう
これ以上誰か悲しませて
抱きしめたら
地獄じゃ足りない足りないや
インフェルノラブレター

あい　あい　あいしてる
あい　あい　あいしてる
あい　あい　あいしてる
あいしてる

🌙tuki.
Twitter：https://twitter.com/tuki_music_
Instagram：https://www.instagram.com/tuki.music.official/
TikTok：https://www.tiktok.com/@tuki.music

#tuki #地獄恋文 #オリジナル曲",https://i.ytimg.com/vi/Tghdn998C8w/default.jpg,120,90,https://i.ytimg.com/vi/Tghdn998C8w/mqdefault.jpg,320,180,https://i.ytimg.com/vi/Tghdn998C8w/hqdefault.jpg,480,360,https://i.ytimg.com/vi/Tghdn998C8w/sddefault.jpg,640,480,https://i.ytimg.com/vi/Tghdn998C8w/maxresdefault.jpg,1280,720,tuki.(16),PLs0vU1OF8rpoVRDNU1PAaG7Y1QevGDDMA,12,youtube#video,Tghdn998C8w,tuki.(16),UCp74ruKv2sUiI2HqEhH8pRw,Tghdn998C8w,2024-04-30 10:00:20+00:00,public
youtube#playlistItem,ECOZIaoyC9P-tMaSJPyj3zRPqLY,UExzMHZVMU9GOHJwb1ZSRE5VMVBBYUc3WTFRZXZHRERNQS4wOTA3OTZBNzVEMTUzOTMy,PLs0vU1OF8rpoVRDNU1PAaG7Y1QevGDDMA,2024-02-19 09:01:56+00:00,UCp74ruKv2sUiI2HqEhH8pRw,tuki.『サクラキミワタシ』Official Music Video,"tuki.『サクラキミワタシ』Streaming & Download
https://zula.lnk.to/PKktYJZL

Lyrics & Music：tuki.
Director：山下RIRI

ABEMA『今日、好きになりました。卒業編2024』挿入歌
番組URL：https://abema.tv/video/title/90-1884
2月19日（月）22時から新シーズンがスタート

『サクラキミワタシ』

第二ボタンをはずしながら言う
『最後だからいいよ』って

卒業の日の教室はどこか
寂し気な顔をしている

時計が巻き戻るなら
貴方ともっと話したかった
返事はいらないからさ
二人のストーリー
あげちゃおうよ

恋しているんだ
サクラキミワタシ
春に散る恋だ
わかっていたのに
恋してしまったの
桜　君　愛し
泣いちゃってごめんね

黒板とノート　ペンが走る音
グランドを見つめた
方程式じゃ何もわからない
答えを探してたんだ

急かすようにチャイムが鳴る
ここにはもう居られないって
時が止まりますように
二人のストーリー
を夢見てた

恋しているんだ
サクラキミワタシ
春に散る恋だ
わかっていたのに
恋してしまったの
桜　君　愛し
泣いちゃってごめんね

振り返る通いなれた道も
懐かしくなってしまうんだろう
君の事をそんな風に
思い出したくないのにな

恋しているんだ
サクラキミワタシ
春に置いて行く
恋焦がれた日々
永遠に戻れない
桜　君　愛し
壊れちゃいそうだよ

恋しているんだ
サクラキミワタシ
春に散る恋だ
わかっていたのに
恋してしまったの
桜　君　愛し
泣いちゃってごめんね

🌙tuki.
Twitter：https://twitter.com/tuki_music_
Instagram：https://www.instagram.com/tuki.music.official/
TikTok：https://www.tiktok.com/@tuki.music

#tuki #サクラキミワタシ #オリジナル曲",https://i.ytimg.com/vi/rpVvPAFaoqM/default.jpg,120,90,https://i.ytimg.com/vi/rpVvPAFaoqM/mqdefault.jpg,320,180,https://i.ytimg.com/vi/rpVvPAFaoqM/hqdefault.jpg,480,360,https://i.ytimg.com/vi/rpVvPAFaoqM/sddefault.jpg,640,480,https://i.ytimg.com/vi/rpVvPAFaoqM/maxresdefault.jpg,1280,720,tuki.(16),PLs0vU1OF8rpoVRDNU1PAaG7Y1QevGDDMA,13,youtube#video,rpVvPAFaoqM,tuki.(16),UCp74ruKv2sUiI2HqEhH8pRw,rpVvPAFaoqM,2024-02-19 09:00:39+00:00,public
youtube#playlistItem,jlCe1jwWexClLkPIOlDSyQVkj88,UExzMHZVMU9GOHJwb1ZSRE5VMVBBYUc3WTFRZXZHRERNQS41MjE1MkI0OTQ2QzJGNzNG,PLs0vU1OF8rpoVRDNU1PAaG7Y1QevGDDMA,2023-12-28 10:56:01+00:00,UCp74ruKv2sUiI2HqEhH8pRw,tuki.『晩餐歌』Official Music Video,"tuki.『晩餐歌』Streaming & Download
https://zula.lnk.to/xnimQhZL

Lyrics & Music: tuki.
illustration: 出水ぽすか

Director: 佐伯雄一郎
Designer: 小山唯香
Movie: iga kitty
Movie Manager: 笹川侑悟
Creative Director: 大澤創太
Producer: Masaki Takahashi (NERD)

tuki.『晩餐歌』のカラオケ音源はこちら
（ぜひたくさん歌ってください！）
https://www.dropbox.com/scl/fi/8c2wgtot45rwv5krwlpde/_INST.wav?rlkey=04gxu8ouviugahxnya4wico9k&dl=0

『晩餐歌』

君を泣かすから　だから一緒には居れないな
君を泣かすから　早く忘れて欲しいんだ
人間だからね　たまには違うものも食べたいね
君を泣かすから　そう君を泣かすから

でも味気ないんだよね
会いたくなんだよね
君以外会いたくないんだよね
なんて勝手だね
大体曖昧なんだよね
愛の存在証明なんて
君が教えてくれないか

何十回の夜を過ごしたって得られぬような
愛してるを並べてみて
何十回の夜を過ごしたって得られぬような
最高のフルコースを頂戴

君を泣かすから　きっと一生は無理だよね
君を泣かすから　胸がとても痛くなんだ　
人間だからね　たまには分かり合えなくなって
君を泣かすから　また君を泣かすから

でも自信がないんだよね
変わりたくないんだよね
君以外会いたくないんだよね
なんて勝手だね
大体曖昧だったよね
愛の存在証明なんて
君がそこに居るのにね　　

何百回の夜を過ごしたって得られぬような
愛してるを並べてみて
何百回の夜を過ごしたって得られぬような
最高のフルコースを頂戴

離れないで　傍に居てくれたのは
結局君一人だったよね
涙のスパイスは君の胸に
残ってしまうだろうけど

何千回の夜を過ごしたって得られぬような
愛してるを並べるから
何千回の夜を過ごしたって得られぬような
最高のフルコースを

何万回の夜を過ごしたって忘れぬような
愛してるを並べるから
何万回の夜を過ごしたって忘れぬような
最高のフルコースを頂戴

🌙tuki.
Twitter：https://twitter.com/tuki_music_
Instagram：https://www.instagram.com/tuki.music.official/
TikTok：https://www.tiktok.com/@tuki.music

第75回NHK紅白歌合戦 歌唱曲
#tuki #晩餐歌 #オリジナル曲",https://i.ytimg.com/vi/oZpYEEcvu5I/default.jpg,120,90,https://i.ytimg.com/vi/oZpYEEcvu5I/mqdefault.jpg,320,180,https://i.ytimg.com/vi/oZpYEEcvu5I/hqdefault.jpg,480,360,https://i.ytimg.com/vi/oZpYEEcvu5I/sddefault.jpg,640,480,https://i.ytimg.com/vi/oZpYEEcvu5I/maxresdefault.jpg,1280,720,tuki.(16),PLs0vU1OF8rpoVRDNU1PAaG7Y1QevGDDMA,14,youtube#video,oZpYEEcvu5I,tuki.(16),UCp74ruKv2sUiI2HqEhH8pRw,oZpYEEcvu5I,2023-12-24 10:00:38+00:00,public
youtube#playlistItem,Gqvna2LKM11H9Lf5SruBYR61Wd4,UExzMHZVMU9GOHJwb1ZSRE5VMVBBYUc3WTFRZXZHRERNQS41NkI0NEY2RDEwNTU3Q0M2,PLs0vU1OF8rpoVRDNU1PAaG7Y1QevGDDMA,2023-12-28 10:56:01+00:00,UCp74ruKv2sUiI2HqEhH8pRw,tuki.『一輪花』Official Music Video,"tuki.『一輪花』Streaming & Download
https://zula.lnk.to/n4nmzeZL

アニメーション作家：URARA

チャンネル登録と高評価お願いします！

『一輪花』作詞・作曲：tuki.

誰かのために歩いていたから
気付けなかった
私のために歩いても
構わないって気付いた

いついつまでもあなたを
忘れられないなんて嫌だよ
望んでたんだ　凛と立つ一輪花
元に戻るだけさ

さよなら
最大級の愛が　雨に変わる
会えないバイバイなんてあの日
思わなかった
風に揺らぐ　一輪花
飛ばされないように
最大級の愛を
会いたいよって居ないよ
会えばきっと痛いよ　痛いよ　痛いよ
最大級の愛と
朝露に濡れた私は一輪花

明日のために歩き出そうとは
思ってたんだ
思い出ばかり眺めては
今日じゃなくって良いって

今が続けばいいよと
あの時は思えていたけど
変わっていくんだ　凛と立つ一輪花
咲き続けるために

さよなら
最大級の愛が　雨に変わる
会えないバイバイなんてあの日
思わなかった
風に揺らぐ　一輪花
飛ばされないように
最大級の愛を
会いたいよって居ないよ
会えばきっと痛いよ　痛いよ　痛いよ
最大級の愛と
朝露に濡れた私は一輪花

ばいばいきっと居ないよ
会いたいよって居ないよ
会えばきっと痛いよ　期待もしないよ
最大級の愛で
どしゃぶりの雨だ
泣かないよ一輪花

Ah...

🌙tuki.
Twitter：https://twitter.com/tuki_music_
Instagram：https://www.instagram.com/tuki.music.official/
TikTok：https://www.tiktok.com/@tuki.music

#tuki #一輪花 #オリジナル曲",https://i.ytimg.com/vi/B5HD_FSyrWY/default.jpg,120,90,https://i.ytimg.com/vi/B5HD_FSyrWY/mqdefault.jpg,320,180,https://i.ytimg.com/vi/B5HD_FSyrWY/hqdefault.jpg,480,360,https://i.ytimg.com/vi/B5HD_FSyrWY/sddefault.jpg,640,480,https://i.ytimg.com/vi/B5HD_FSyrWY/maxresdefault.jpg,1280,720,tuki.(16),PLs0vU1OF8rpoVRDNU1PAaG7Y1QevGDDMA,15,youtube#video,B5HD_FSyrWY,tuki.(16),UCp74ruKv2sUiI2HqEhH8pRw,B5HD_FSyrWY,2023-11-28 11:46:50+00:00,public
youtube#playlistItem,auvZ2G2h1Yr-OiwQx8ZoKtDUoeE,UExzMHZVMU9GOHJwb1ZSRE5VMVBBYUc3WTFRZXZHRERNQS4wMTcyMDhGQUE4NTIzM0Y5,PLs0vU1OF8rpoVRDNU1PAaG7Y1QevGDDMA,2023-12-28 10:56:01+00:00,UCp74ruKv2sUiI2HqEhH8pRw,tuki.『一輪花』弾き語りver.,"tuki.『一輪花』Streaming & Download
https://zula.lnk.to/n4nmzeZL

チャンネル登録と高評価お願いします！

『一輪花』作詞・作曲：tuki.

誰かのために歩いていたから
気付けなかった
私のために歩いても
構わないって気付いた

いついつまでもあなたを
忘れられないなんて嫌だよ
望んでたんだ　凛と立つ一輪花
元に戻るだけさ

さよなら
最大級の愛が　雨に変わる
会えないバイバイなんてあの日
思わなかった
風に揺らぐ　一輪花
飛ばされないように
最大級の愛を
会いたいよって居ないよ
会えばきっと痛いよ　痛いよ　痛いよ
最大級の愛と
朝露に濡れた私は一輪花

明日のために歩き出そうとは
思ってたんだ
思い出ばかり眺めては
今日じゃなくって良いって

今が続けばいいよと
あの時は思えていたけど
変わっていくんだ　凛と立つ一輪花
咲き続けるために

さよなら
最大級の愛が　雨に変わる
会えないバイバイなんてあの日
思わなかった
風に揺らぐ　一輪花
飛ばされないように
最大級の愛を
会いたいよって居ないよ
会えばきっと痛いよ　痛いよ　痛いよ
最大級の愛と
朝露に濡れた私は一輪花

ばいばいきっと居ないよ
会いたいよって居ないよ
会えばきっと痛いよ　期待もしないよ
最大級の愛で
どしゃぶりの雨だ
泣かないよ一輪花

Ah...

🌙tuki.
Twitter：https://twitter.com/tuki_music_
Instagram：https://www.instagram.com/tuki.music.official/
TikTok：https://www.tiktok.com/@tuki.music

#tuki #一輪花 #オリジナル曲 #弾き語り",https://i.ytimg.com/vi/JfYbYIv2-tY/default.jpg,120,90,https://i.ytimg.com/vi/JfYbYIv2-tY/mqdefault.jpg,320,180,https://i.ytimg.com/vi/JfYbYIv2-tY/hqdefault.jpg,480,360,https://i.ytimg.com/vi/JfYbYIv2-tY/sddefault.jpg,640,480,https://i.ytimg.com/vi/JfYbYIv2-tY/maxresdefault.jpg,1280,720,tuki.(16),PLs0vU1OF8rpoVRDNU1PAaG7Y1QevGDDMA,16,youtube#video,JfYbYIv2-tY,tuki.(16),UCp74ruKv2sUiI2HqEhH8pRw,JfYbYIv2-tY,2023-11-15 09:30:04+00:00,public
youtube#playlistItem,VUKN7iR6xINrd6E0TOustU5AtpM,UExzMHZVMU9GOHJwb1ZSRE5VMVBBYUc3WTFRZXZHRERNQS4yODlGNEE0NkRGMEEzMEQy,PLs0vU1OF8rpoVRDNU1PAaG7Y1QevGDDMA,2023-12-28 10:56:01+00:00,UCp74ruKv2sUiI2HqEhH8pRw,tuki.『晩餐歌』弾き語りver.,"tuki.『晩餐歌』Streaming & Download
https://zula.lnk.to/xnimQhZL

tuki.『晩餐歌』のカラオケ音源はこちら
（ぜひたくさん歌ってください！）
https://www.dropbox.com/scl/fi/8c2wgtot45rwv5krwlpde/_INST.wav?rlkey=04gxu8ouviugahxnya4wico9k&dl=0

チャンネル登録と高評価お願いします！

『晩餐歌』作詞・作曲：tuki.

君を泣かすから　だから一緒には居れないな
君を泣かすから　早く忘れて欲しいんだ
人間だからね　たまには違うものも食べたいね
君を泣かすから　そう君を泣かすから

でも味気ないんだよね
会いたくなんだよね
君以外会いたくないんだよね
なんて勝手だね
大体曖昧なんだよね
愛の存在証明なんて
君が教えてくれないか

何十回の夜を過ごしたって得られぬような
愛してるを並べてみて
何十回の夜を過ごしたって得られぬような
最高のフルコースを頂戴

君を泣かすから　きっと一生は無理だよね
君を泣かすから　胸がとても痛くなんだ　
人間だからね　たまには分かり合えなくなって
君を泣かすから　また君を泣かすから

でも自信がないんだよね
変わりたくないんだよね
君以外会いたくないんだよね
なんて勝手だね
大体曖昧だったよね
愛の存在証明なんて
君がそこに居るのにね　　

何百回の夜を過ごしたって得られぬような
愛してるを並べてみて
何百回の夜を過ごしたって得られぬような
最高のフルコースを頂戴

離れないで　傍に居てくれたのは
結局君一人だったよね
涙のスパイスは君の胸に
残ってしまうだろうけど

何千回の夜を過ごしたって得られぬような
愛してるを並べるから
何千回の夜を過ごしたって得られぬような
最高のフルコースを

何万回の夜を過ごしたって忘れぬような
愛してるを並べるから
何万回の夜を過ごしたって忘れぬような
最高のフルコースを頂戴

🌙tuki.
Twitter：https://twitter.com/tuki_music_
Instagram：https://www.instagram.com/tuki.music.official/
TikTok：https://www.tiktok.com/@tuki.music

#tuki #晩餐歌 #オリジナル曲 #弾き語り",https://i.ytimg.com/vi/IxW-ok1ekSY/default.jpg,120,90,https://i.ytimg.com/vi/IxW-ok1ekSY/mqdefault.jpg,320,180,https://i.ytimg.com/vi/IxW-ok1ekSY/hqdefault.jpg,480,360,https://i.ytimg.com/vi/IxW-ok1ekSY/sddefault.jpg,640,480,https://i.ytimg.com/vi/IxW-ok1ekSY/maxresdefault.jpg,1280,720,tuki.(16),PLs0vU1OF8rpoVRDNU1PAaG7Y1QevGDDMA,17,youtube#video,IxW-ok1ekSY,tuki.(16),UCp74ruKv2sUiI2HqEhH8pRw,IxW-ok1ekSY,2023-09-13 10:00:09+00:00,public
